{"mean":{"confidence_interval":{"confidence_level":0.95,"lower_bound":-0.042502454374253235,"upper_bound":-0.036547714157898675},"point_estimate":-0.03957507587273701,"standard_error":0.001523773742745887},"median":{"confidence_interval":{"confidence_level":0.95,"lower_bound":-0.034650546206434166,"upper_bound":-0.032105760449419596},"point_estimate":-0.033502583620080295,"standard_error":0.001355419272036331}}