{"mean":{"confidence_interval":{"confidence_level":0.95,"lower_bound":-0.019185136302838038,"upper_bound":0.009289076515238692},"point_estimate":-0.004606271405713347,"standard_error":0.0072741506597331935},"median":{"confidence_interval":{"confidence_level":0.95,"lower_bound":0.01419205497774132,"upper_bound":0.030258849443981717},"point_estimate":0.025041570729439577,"standard_error":0.003952302680191277}}