{"mean":{"confidence_interval":{"confidence_level":0.95,"lower_bound":-0.10658798796754602,"upper_bound":-0.09640939268437468},"point_estimate":-0.10108556267820401,"standard_error":0.0026120560958024217},"median":{"confidence_interval":{"confidence_level":0.95,"lower_bound":-0.09551527885216804,"upper_bound":-0.09272493119423708},"point_estimate":-0.09443393559902336,"standard_error":0.0007363739370515548}}