{"mean":{"confidence_interval":{"confidence_level":0.95,"lower_bound":0.04081172226751058,"upper_bound":0.045264155542147695},"point_estimate":0.04297190512350357,"standard_error":0.001129799169274204},"median":{"confidence_interval":{"confidence_level":0.95,"lower_bound":0.04001776191169415,"upper_bound":0.04513482126441759},"point_estimate":0.04199672841778779,"standard_error":0.0012646679805666814}}