{"mean":{"confidence_interval":{"confidence_level":0.95,"lower_bound":-0.009398499002049915,"upper_bound":-0.004397240384755922},"point_estimate":-0.006840559348498809,"standard_error":0.0012719415735682534},"median":{"confidence_interval":{"confidence_level":0.95,"lower_bound":-0.008992106473181945,"upper_bound":-0.0047964427170312796},"point_estimate":-0.007064439378335563,"standard_error":0.0010281389300813544}}