{"mean":{"confidence_interval":{"confidence_level":0.95,"lower_bound":4700.509298339913,"upper_bound":4727.220729491709},"point_estimate":4713.641295093886,"standard_error":6.818820629914186},"median":{"confidence_interval":{"confidence_level":0.95,"lower_bound":4681.69029239766,"upper_bound":4700.243434343434},"point_estimate":4691.641704879483,"standard_error":4.4526291104974165},"median_abs_dev":{"confidence_interval":{"confidence_level":0.95,"lower_bound":27.954733666667046,"upper_bound":61.596806206057785},"point_estimate":40.165668920250376,"standard_error":8.519834110692678},"slope":{"confidence_interval":{"confidence_level":0.95,"lower_bound":4738.8311945465975,"upper_bound":4774.733851450697},"point_estimate":4758.175701439995,"standard_error":9.141222192760216},"std_dev":{"confidence_interval":{"confidence_level":0.95,"lower_bound":60.12560631282283,"upper_bound":75.84529359920107},"point_estimate":68.83730864793444,"standard_error":3.9887097870107215}}