{"mean":{"confidence_interval":{"confidence_level":0.95,"lower_bound":-0.048354349798335396,"upper_bound":-0.04396971311524824},"point_estimate":-0.04631591693266224,"standard_error":0.0011042476938167656},"median":{"confidence_interval":{"confidence_level":0.95,"lower_bound":-0.04886707280542035,"upper_bound":-0.04721764386199345},"point_estimate":-0.048130572186992904,"standard_error":0.00040832372294200085}}