{"mean":{"confidence_interval":{"confidence_level":0.95,"lower_bound":-0.0046449202775000736,"upper_bound":0.012972030822789842},"point_estimate":0.005735682582428847,"standard_error":0.004619481490521023},"median":{"confidence_interval":{"confidence_level":0.95,"lower_bound":0.007788021314089955,"upper_bound":0.008065490547023657},"point_estimate":0.007930578326237558,"standard_error":0.00006984238076148441}}