{"mean":{"confidence_interval":{"confidence_level":0.95,"lower_bound":-0.007378246420981202,"upper_bound":-0.0018773636183782344},"point_estimate":-0.0046075798788195454,"standard_error":0.0014036182784479478},"median":{"confidence_interval":{"confidence_level":0.95,"lower_bound":-0.006740491647237631,"upper_bound":-0.0010589301028165628},"point_estimate":-0.004782077514092653,"standard_error":0.0017094719086173966}}