{"mean":{"confidence_interval":{"confidence_level":0.95,"lower_bound":4090.349021792881,"upper_bound":4104.802532004264},"point_estimate":4097.362686378788,"standard_error":3.69297740126666},"median":{"confidence_interval":{"confidence_level":0.95,"lower_bound":4083.417132923467,"upper_bound":4097.111216743087},"point_estimate":4090.738322848567,"standard_error":3.5221826470468},"median_abs_dev":{"confidence_interval":{"confidence_level":0.95,"lower_bound":19.467695170956855,"upper_bound":33.15358579318417},"point_estimate":28.726917704683892,"standard_error":3.376493728516757},"slope":{"confidence_interval":{"confidence_level":0.95,"lower_bound":4084.184152902915,"upper_bound":4094.408039317091},"point_estimate":4089.236685336105,"standard_error":2.602755305624541},"std_dev":{"confidence_interval":{"confidence_level":0.95,"lower_bound":29.00326934229694,"upper_bound":44.772300956047914},"point_estimate":37.14146274701659,"standard_error":4.038194722346437}}