{"mean":{"confidence_interval":{"confidence_level":0.95,"lower_bound":0.07751249854980136,"upper_bound":0.10334775828182867},"point_estimate":0.09026943809406718,"standard_error":0.006573137629367137},"median":{"confidence_interval":{"confidence_level":0.95,"lower_bound":0.06969065489185966,"upper_bound":0.0969779791466932},"point_estimate":0.07272748890180569,"standard_error":0.005394607393024183}}