{"mean":{"confidence_interval":{"confidence_level":0.95,"lower_bound":0.04581446744520648,"upper_bound":0.09111709883763147},"point_estimate":0.06699570133499777,"standard_error":0.01151395943614507},"median":{"confidence_interval":{"confidence_level":0.95,"lower_bound":0.0034454225071205435,"upper_bound":0.004000719350451654},"point_estimate":0.0037498604264858404,"standard_error":0.0001272567221006811}}