{"mean":{"confidence_interval":{"confidence_level":0.95,"lower_bound":0.058887222257140236,"upper_bound":0.12880726514155066},"point_estimate":0.09645747563681861,"standard_error":0.017059831130875464},"median":{"confidence_interval":{"confidence_level":0.95,"lower_bound":0.00011181368745458178,"upper_bound":0.000394390608709827},"point_estimate":0.00017817803029096524,"standard_error":0.00008381072384510237}}