{"mean":{"confidence_interval":{"confidence_level":0.95,"lower_bound":215369033.56875002,"upper_bound":215927168.22},"point_estimate":215635009.65,"standard_error":142667.9520994741},"median":{"confidence_interval":{"confidence_level":0.95,"lower_bound":215139570.0,"upper_bound":215189859.0},"point_estimate":215164305.0,"standard_error":13514.789281910153},"median_abs_dev":{"confidence_interval":{"confidence_level":0.95,"lower_bound":98529.88775074482,"upper_bound":199938.24335038662},"point_estimate":141869.25018131733,"standard_error":26349.829966263493},"slope":null,"std_dev":{"confidence_interval":{"confidence_level":0.95,"lower_bound":1005454.645792797,"upper_bound":1730404.3402208088},"point_estimate":1434425.0512176843,"standard_error":182210.9878784375}}