{"mean":{"confidence_interval":{"confidence_level":0.95,"lower_bound":0.007344947567467983,"upper_bound":0.03795610178424864},"point_estimate":0.022059427364975237,"standard_error":0.007608953559350898},"median":{"confidence_interval":{"confidence_level":0.95,"lower_bound":-0.0026537401916724157,"upper_bound":-0.002377245931301619},"point_estimate":-0.0025210580124747084,"standard_error":0.0000731571806256582}}