{"mean":{"confidence_interval":{"confidence_level":0.95,"lower_bound":0.026710231762739452,"upper_bound":0.032499862732250855},"point_estimate":0.029656780249560866,"standard_error":0.0014721240709691526},"median":{"confidence_interval":{"confidence_level":0.95,"lower_bound":0.026009509044053525,"upper_bound":0.031939784541185706},"point_estimate":0.028429018141828077,"standard_error":0.0014851528487868251}}