{"mean":{"confidence_interval":{"confidence_level":0.95,"lower_bound":160103.52119074375,"upper_bound":173229.16141246914},"point_estimate":165646.71190285738,"standard_error":3405.0805567208454},"median":{"confidence_interval":{"confidence_level":0.95,"lower_bound":155383.08843537414,"upper_bound":157723.99940476188},"point_estimate":156336.8743272034,"standard_error":606.2304149372392},"median_abs_dev":{"confidence_interval":{"confidence_level":0.95,"lower_bound":2283.322459445524,"upper_bound":5300.114764911635},"point_estimate":3508.3274029420054,"standard_error":764.0043944910094},"slope":{"confidence_interval":{"confidence_level":0.95,"lower_bound":154574.75295896392,"upper_bound":155232.57006565976},"point_estimate":154864.1459562161,"standard_error":168.32415157883545},"std_dev":{"confidence_interval":{"confidence_level":0.95,"lower_bound":11593.830105392837,"upper_bound":53655.88145988372},"point_estimate":34245.2847540904,"standard_error":11700.54641934551}}