{"mean":{"confidence_interval":{"confidence_level":0.95,"lower_bound":0.09051766593359403,"upper_bound":0.10879162754339658},"point_estimate":0.10002564301700034,"standard_error":0.0047404664999348796},"median":{"confidence_interval":{"confidence_level":0.95,"lower_bound":0.05782145423682272,"upper_bound":0.12974729269768615},"point_estimate":0.1293021093841764,"standard_error":0.02774517027573577}}