{"mean":{"confidence_interval":{"confidence_level":0.95,"lower_bound":1389.6674150130616,"upper_bound":1395.0937553275955},"point_estimate":1392.2209530736038,"standard_error":1.3867335791277116},"median":{"confidence_interval":{"confidence_level":0.95,"lower_bound":1385.3746910528916,"upper_bound":1385.7328162034044},"point_estimate":1385.481110392875,"standard_error":0.08887478492505334},"median_abs_dev":{"confidence_interval":{"confidence_level":0.95,"lower_bound":0.24076178950129415,"upper_bound":0.7650105746756196},"point_estimate":0.43150498745926785,"standard_error":0.12952194938803385},"slope":{"confidence_interval":{"confidence_level":0.95,"lower_bound":1395.2099955870265,"upper_bound":1403.6472151499568},"point_estimate":1399.6780155011613,"standard_error":2.148906858941916},"std_dev":{"confidence_interval":{"confidence_level":0.95,"lower_bound":10.47002607310948,"upper_bound":17.47892652810282},"point_estimate":13.883638312241931,"standard_error":1.8530903295281564}}