{"mean":{"confidence_interval":{"confidence_level":0.95,"lower_bound":-0.10002274599518232,"upper_bound":-0.09400842242683244},"point_estimate":-0.09712943965067289,"standard_error":0.0015232952617307753},"median":{"confidence_interval":{"confidence_level":0.95,"lower_bound":-0.10245065336932914,"upper_bound":-0.09846050213603985},"point_estimate":-0.10063389012068069,"standard_error":0.0010432321352819502}}