{"mean":{"confidence_interval":{"confidence_level":0.95,"lower_bound":40158122.306250006,"upper_bound":41890910.537625},"point_estimate":40976625.97,"standard_error":435722.416364846},"median":{"confidence_interval":{"confidence_level":0.95,"lower_bound":38519003.0,"upper_bound":38539982.5},"point_estimate":38530974.75,"standard_error":4886.564204900981},"median_abs_dev":{"confidence_interval":{"confidence_level":0.95,"lower_bound":25398.271889090553,"upper_bound":52998.973837830104},"point_estimate":37424.15918558836,"standard_error":6834.365196243056},"slope":null,"std_dev":{"confidence_interval":{"confidence_level":0.95,"lower_bound":3761034.6944965017,"upper_bound":4821787.343144517},"point_estimate":4382894.918417682,"standard_error":271775.9692983856}}