{"mean":{"confidence_interval":{"confidence_level":0.95,"lower_bound":13805242.746625,"upper_bound":13827024.19975},"point_estimate":13815241.6325,"standard_error":5594.341115984706},"median":{"confidence_interval":{"confidence_level":0.95,"lower_bound":13798084.75,"upper_bound":13801765.375},"point_estimate":13799846.0,"standard_error":963.5807566423341},"median_abs_dev":{"confidence_interval":{"confidence_level":0.95,"lower_bound":5465.169289223855,"upper_bound":10237.033132631319},"point_estimate":7675.790713727474,"standard_error":1189.440557918019},"slope":null,"std_dev":{"confidence_interval":{"confidence_level":0.95,"lower_bound":33772.784678148346,"upper_bound":73517.49457410876},"point_estimate":56397.2602335797,"standard_error":10299.327541329112}}