{"mean":{"confidence_interval":{"confidence_level":0.95,"lower_bound":-0.000378854648299689,"upper_bound":0.003466470851846808},"point_estimate":0.0015555256625050529,"standard_error":0.0009698070651238441},"median":{"confidence_interval":{"confidence_level":0.95,"lower_bound":-0.0005433423453234942,"upper_bound":-0.000019616772849118114},"point_estimate":-0.0001887995765410544,"standard_error":0.00013585371581455654}}