{"mean":{"confidence_interval":{"confidence_level":0.95,"lower_bound":0.005097614335383727,"upper_bound":0.009200064186040956},"point_estimate":0.0070086911643800764,"standard_error":0.001020511944193254},"median":{"confidence_interval":{"confidence_level":0.95,"lower_bound":0.0020433142995677223,"upper_bound":0.002543539535844408},"point_estimate":0.0021468579809305055,"standard_error":0.00014178713207234987}}