{"mean":{"confidence_interval":{"confidence_level":0.95,"lower_bound":-0.006699855963343162,"upper_bound":-0.0018729416960878028},"point_estimate":-0.004307705320116706,"standard_error":0.0012338599455961796},"median":{"confidence_interval":{"confidence_level":0.95,"lower_bound":-0.0011756963840183765,"upper_bound":0.0009345012449384349},"point_estimate":0.00023711154050287675,"standard_error":0.0009306280494989083}}