{"mean":{"confidence_interval":{"confidence_level":0.95,"lower_bound":0.01597831032925654,"upper_bound":0.02152080348616589},"point_estimate":0.018585078845815062,"standard_error":0.0014017774814666512},"median":{"confidence_interval":{"confidence_level":0.95,"lower_bound":0.01390518100322402,"upper_bound":0.019341662400795157},"point_estimate":0.01564597359009756,"standard_error":0.0013051960853317556}}