{"mean":{"confidence_interval":{"confidence_level":0.95,"lower_bound":4761.344502674267,"upper_bound":4773.048166492469},"point_estimate":4767.304657387435,"standard_error":2.9917287136410597},"median":{"confidence_interval":{"confidence_level":0.95,"lower_bound":4766.073949353448,"upper_bound":4776.995171370968},"point_estimate":4770.037109375,"standard_error":3.200396136632491},"median_abs_dev":{"confidence_interval":{"confidence_level":0.95,"lower_bound":17.799800034195755,"upper_bound":32.551441443468526},"point_estimate":23.416376062008737,"standard_error":3.706360189526739},"slope":{"confidence_interval":{"confidence_level":0.95,"lower_bound":4780.34760523205,"upper_bound":4790.5526073671435},"point_estimate":4785.658966183932,"standard_error":2.6049577070047816},"std_dev":{"confidence_interval":{"confidence_level":0.95,"lower_bound":24.912149803831586,"upper_bound":34.59861296509486},"point_estimate":30.041345086527965,"standard_error":2.46597662116086}}