{"mean":{"confidence_interval":{"confidence_level":0.95,"lower_bound":0.01036392154128738,"upper_bound":0.014861076947727314},"point_estimate":0.012652840127820308,"standard_error":0.0011462799637883322},"median":{"confidence_interval":{"confidence_level":0.95,"lower_bound":0.009785843176139286,"upper_bound":0.014585875580989116},"point_estimate":0.011937103700471408,"standard_error":0.0012237114363802713}}