{"mean":{"confidence_interval":{"confidence_level":0.95,"lower_bound":-0.059106019452229985,"upper_bound":-0.05711482978519759},"point_estimate":-0.058077274782407984,"standard_error":0.0005077364354222122},"median":{"confidence_interval":{"confidence_level":0.95,"lower_bound":-0.05834774232761353,"upper_bound":-0.05649809661454108},"point_estimate":-0.057490405611210105,"standard_error":0.00048499352410161223}}