{"mean":{"confidence_interval":{"confidence_level":0.95,"lower_bound":2.9652308331463588e-6,"upper_bound":0.0010850548793159217},"point_estimate":0.0004979530852695646,"standard_error":0.0002794638411388632},"median":{"confidence_interval":{"confidence_level":0.95,"lower_bound":-0.00010705846813363618,"upper_bound":0.00018896539844215354},"point_estimate":0.00005450374934512503,"standard_error":0.00007102531378923082}}