{"mean":{"confidence_interval":{"confidence_level":0.95,"lower_bound":-0.15216993982746616,"upper_bound":0.17945717484257753},"point_estimate":0.00035887411356450016,"standard_error":0.08450405315438012},"median":{"confidence_interval":{"confidence_level":0.95,"lower_bound":-0.03376591988596345,"upper_bound":0.03236908505752689},"point_estimate":-0.00035527212319563795,"standard_error":0.016815253782284007}}