{"mean":{"confidence_interval":{"confidence_level":0.95,"lower_bound":19396.75248251938,"upper_bound":19426.804618811937},"point_estimate":19410.342055535108,"standard_error":7.726959462368},"median":{"confidence_interval":{"confidence_level":0.95,"lower_bound":19378.529791445115,"upper_bound":19402.390734265733},"point_estimate":19386.080384615387,"standard_error":7.140758777777062},"median_abs_dev":{"confidence_interval":{"confidence_level":0.95,"lower_bound":23.057987784653204,"upper_bound":46.56159144463481},"point_estimate":32.48738623281612,"standard_error":6.051649216341869},"slope":{"confidence_interval":{"confidence_level":0.95,"lower_bound":19381.544426707016,"upper_bound":19396.845214386554},"point_estimate":19389.08607552489,"standard_error":3.9117092823287947},"std_dev":{"confidence_interval":{"confidence_level":0.95,"lower_bound":44.18924716718081,"upper_bound":112.61003957207501},"point_estimate":78.27284970113413,"standard_error":19.022632215724194}}