{"mean":{"confidence_interval":{"confidence_level":0.95,"lower_bound":0.10850635224947508,"upper_bound":0.11251246167810688},"point_estimate":0.11053309335413641,"standard_error":0.0010245782696817471},"median":{"confidence_interval":{"confidence_level":0.95,"lower_bound":0.10992638264357124,"upper_bound":0.11128964341979275},"point_estimate":0.11056916186781485,"standard_error":0.0003510922838689303}}