{"mean":{"confidence_interval":{"confidence_level":0.95,"lower_bound":-0.04638734921699516,"upper_bound":0.06463094128087368},"point_estimate":0.007524260091001933,"standard_error":0.028260545991325138},"median":{"confidence_interval":{"confidence_level":0.95,"lower_bound":-0.0029092794675328326,"upper_bound":0.019644148957171925},"point_estimate":0.007203961142811854,"standard_error":0.0054494444468067265}}