{"mean":{"confidence_interval":{"confidence_level":0.95,"lower_bound":-0.0007467606846452865,"upper_bound":0.0017632052700331797},"point_estimate":0.00034513919759104894,"standard_error":0.0006354725166791547},"median":{"confidence_interval":{"confidence_level":0.95,"lower_bound":-0.0004284362217578108,"upper_bound":0.0000611716958835995},"point_estimate":-0.000013343230901186054,"standard_error":0.00012068260105701981}}