{"mean":{"confidence_interval":{"confidence_level":0.95,"lower_bound":-0.002671598494931779,"upper_bound":0.0018473741646765074},"point_estimate":-0.0003090026128687029,"standard_error":0.0011584476991729458},"median":{"confidence_interval":{"confidence_level":0.95,"lower_bound":0.00040007320186474793,"upper_bound":0.0007240651161406486},"point_estimate":0.0004973594118189428,"standard_error":0.00009205844026433088}}