{"mean":{"confidence_interval":{"confidence_level":0.95,"lower_bound":-0.015481865241101499,"upper_bound":0.03869402376662673},"point_estimate":0.011191820869626445,"standard_error":0.014094240004410516},"median":{"confidence_interval":{"confidence_level":0.95,"lower_bound":-0.07647398923928417,"upper_bound":-0.07249001280612122},"point_estimate":-0.0730426679303513,"standard_error":0.0011669522043142315}}