{"mean":{"confidence_interval":{"confidence_level":0.95,"lower_bound":95518.30619445084,"upper_bound":95788.88838419518},"point_estimate":95642.72533786968,"standard_error":69.28875649413881},"median":{"confidence_interval":{"confidence_level":0.95,"lower_bound":95438.13546176045,"upper_bound":95624.6309672063},"point_estimate":95534.42507168156,"standard_error":48.95350780053711},"median_abs_dev":{"confidence_interval":{"confidence_level":0.95,"lower_bound":251.27138323304814,"upper_bound":451.30753104160107},"point_estimate":341.57848162005007,"standard_error":46.86892439921745},"slope":{"confidence_interval":{"confidence_level":0.95,"lower_bound":95396.091783748,"upper_bound":95530.03203871989},"point_estimate":95462.65499603692,"standard_error":34.187703161510505},"std_dev":{"confidence_interval":{"confidence_level":0.95,"lower_bound":393.7001325828144,"upper_bound":997.7166731098861},"point_estimate":698.8526408393444,"standard_error":160.99041282318265}}