{"mean":{"confidence_interval":{"confidence_level":0.95,"lower_bound":0.02648695788220039,"upper_bound":0.031064794485652136},"point_estimate":0.028891495731773187,"standard_error":0.0011770798698866759},"median":{"confidence_interval":{"confidence_level":0.95,"lower_bound":0.030394218351229574,"upper_bound":0.031886825601626256},"point_estimate":0.031083965489362653,"standard_error":0.0003662948243496218}}