{"mean":{"confidence_interval":{"confidence_level":0.95,"lower_bound":-0.014174981148519769,"upper_bound":-0.009740815202132647},"point_estimate":-0.011927945728867906,"standard_error":0.0011263597252479701},"median":{"confidence_interval":{"confidence_level":0.95,"lower_bound":-0.014702550640878553,"upper_bound":-0.010468708499423163},"point_estimate":-0.012761794325889086,"standard_error":0.0011092799220864206}}