{"mean":{"confidence_interval":{"confidence_level":0.95,"lower_bound":-0.04776309203503705,"upper_bound":-0.04558633980397977},"point_estimate":-0.046679043104012274,"standard_error":0.0005603054254813216},"median":{"confidence_interval":{"confidence_level":0.95,"lower_bound":-0.04731264546954095,"upper_bound":-0.04594151797798762},"point_estimate":-0.04653129057974137,"standard_error":0.0003406958540613699}}