{"mean":{"confidence_interval":{"confidence_level":0.95,"lower_bound":-0.06869183053490735,"upper_bound":-0.06750356696504664},"point_estimate":-0.06814138821501237,"standard_error":0.0003036236045331879},"median":{"confidence_interval":{"confidence_level":0.95,"lower_bound":-0.0689246167169919,"upper_bound":-0.06788423967408608},"point_estimate":-0.06835694235148182,"standard_error":0.00026290435866267167}}