{"mean":{"confidence_interval":{"confidence_level":0.95,"lower_bound":0.006203496504818856,"upper_bound":0.008074458800860539},"point_estimate":0.007101387916521373,"standard_error":0.0004813064052111357},"median":{"confidence_interval":{"confidence_level":0.95,"lower_bound":0.006191262042370083,"upper_bound":0.0077844238662476695},"point_estimate":0.006837800945915573,"standard_error":0.00041201736608747276}}