{"mean":{"confidence_interval":{"confidence_level":0.95,"lower_bound":6385.986240606186,"upper_bound":6396.269593353613},"point_estimate":6390.719304100925,"standard_error":2.6394592562944905},"median":{"confidence_interval":{"confidence_level":0.95,"lower_bound":6384.192677333202,"upper_bound":6392.433901006711},"point_estimate":6388.582037214588,"standard_error":2.295995717769538},"median_abs_dev":{"confidence_interval":{"confidence_level":0.95,"lower_bound":12.051547508438814,"upper_bound":19.71527179525988},"point_estimate":15.272858734374672,"standard_error":1.9600272698372405},"slope":{"confidence_interval":{"confidence_level":0.95,"lower_bound":6382.795867290506,"upper_bound":6389.4864745668},"point_estimate":6386.111880156663,"standard_error":1.7133485868993958},"std_dev":{"confidence_interval":{"confidence_level":0.95,"lower_bound":15.808756072973091,"upper_bound":37.73337009402612},"point_estimate":26.59897975416046,"standard_error":5.914991347174884}}