{"mean":{"confidence_interval":{"confidence_level":0.95,"lower_bound":-0.018920326356415745,"upper_bound":-0.011904155361347056},"point_estimate":-0.015496285564790768,"standard_error":0.0017747211775469337},"median":{"confidence_interval":{"confidence_level":0.95,"lower_bound":-0.021141376395306465,"upper_bound":-0.016184496901503143},"point_estimate":-0.01932048571013112,"standard_error":0.0013026593224884301}}