{"mean":{"confidence_interval":{"confidence_level":0.95,"lower_bound":63415.794129508686,"upper_bound":66235.09762887716},"point_estimate":64590.21312856059,"standard_error":730.808135801439},"median":{"confidence_interval":{"confidence_level":0.95,"lower_bound":62449.87806224184,"upper_bound":62857.59181749623},"point_estimate":62684.50842274017,"standard_error":108.79486180398149},"median_abs_dev":{"confidence_interval":{"confidence_level":0.95,"lower_bound":368.2367473029335,"upper_bound":911.8579428847925},"point_estimate":664.6001051497394,"standard_error":145.1237115984308},"slope":{"confidence_interval":{"confidence_level":0.95,"lower_bound":62344.62735422034,"upper_bound":62464.690182594546},"point_estimate":62396.83306530829,"standard_error":30.648190155890383},"std_dev":{"confidence_interval":{"confidence_level":0.95,"lower_bound":2303.544855501861,"upper_bound":11624.252711044626},"point_estimate":7323.921677206499,"standard_error":2664.004414522178}}