{"mean":{"confidence_interval":{"confidence_level":0.95,"lower_bound":-0.015010214665001196,"upper_bound":-0.0001899267639837777},"point_estimate":-0.007372689835494883,"standard_error":0.003765755291212176},"median":{"confidence_interval":{"confidence_level":0.95,"lower_bound":-0.009189183116780297,"upper_bound":-0.002452925940457986},"point_estimate":-0.005975372032058557,"standard_error":0.0017545927471750628}}