{"mean":{"confidence_interval":{"confidence_level":0.95,"lower_bound":0.02182079879679207,"upper_bound":0.023741481593565716},"point_estimate":0.02276668931353476,"standard_error":0.0004948281564536949},"median":{"confidence_interval":{"confidence_level":0.95,"lower_bound":0.021698738587159205,"upper_bound":0.023077312521847408},"point_estimate":0.02230275504600132,"standard_error":0.0003868792486147926}}