{"mean":{"confidence_interval":{"confidence_level":0.95,"lower_bound":-0.0051964083709303355,"upper_bound":0.006981225972702924},"point_estimate":0.0008523376331606158,"standard_error":0.003062136134833705},"median":{"confidence_interval":{"confidence_level":0.95,"lower_bound":-0.007337999047225541,"upper_bound":-0.004027921588638073},"point_estimate":-0.006386602797153751,"standard_error":0.0009031991892044978}}