{"mean":{"confidence_interval":{"confidence_level":0.95,"lower_bound":4169.188084578551,"upper_bound":4185.636577741347},"point_estimate":4177.622924219687,"standard_error":4.19680654021259},"median":{"confidence_interval":{"confidence_level":0.95,"lower_bound":4174.8532015693245,"upper_bound":4185.827092532627},"point_estimate":4178.9774479051,"standard_error":3.019290203773211},"median_abs_dev":{"confidence_interval":{"confidence_level":0.95,"lower_bound":21.978751401578073,"upper_bound":38.83204940942022},"point_estimate":29.379257771283807,"standard_error":4.253329991683708},"slope":{"confidence_interval":{"confidence_level":0.95,"lower_bound":4178.94835532489,"upper_bound":4192.534174798402},"point_estimate":4185.62146894304,"standard_error":3.472921378080332},"std_dev":{"confidence_interval":{"confidence_level":0.95,"lower_bound":31.425119815821624,"upper_bound":52.334529205008195},"point_estimate":42.323900509316374,"standard_error":5.379126941218313}}