{"mean":{"confidence_interval":{"confidence_level":0.95,"lower_bound":-0.012482996334511795,"upper_bound":-0.009312645221489405},"point_estimate":-0.010958615087966694,"standard_error":0.0008064259946064966},"median":{"confidence_interval":{"confidence_level":0.95,"lower_bound":-0.01265866280296233,"upper_bound":-0.009426608826660122},"point_estimate":-0.010975838102012636,"standard_error":0.0007935088898963514}}