{"mean":{"confidence_interval":{"confidence_level":0.95,"lower_bound":-0.07582547970509702,"upper_bound":-0.06708170422158631},"point_estimate":-0.07191855734801322,"standard_error":0.0021708708082227223},"median":{"confidence_interval":{"confidence_level":0.95,"lower_bound":-0.07906825690532204,"upper_bound":-0.07787932747654647},"point_estimate":-0.07855985984892355,"standard_error":0.0003009515824476026}}