{"mean":{"confidence_interval":{"confidence_level":0.95,"lower_bound":6440.497032721303,"upper_bound":6449.889352173843},"point_estimate":6444.903960912363,"standard_error":2.398435863044714},"median":{"confidence_interval":{"confidence_level":0.95,"lower_bound":6438.817066771612,"upper_bound":6445.414598060168},"point_estimate":6441.468356331169,"standard_error":1.69947404940583},"median_abs_dev":{"confidence_interval":{"confidence_level":0.95,"lower_bound":10.448662035998174,"upper_bound":17.923420398579914},"point_estimate":14.023132664704718,"standard_error":1.9101191794812933},"slope":{"confidence_interval":{"confidence_level":0.95,"lower_bound":6436.804002378638,"upper_bound":6442.109223717352},"point_estimate":6439.442094887527,"standard_error":1.3544949804181952},"std_dev":{"confidence_interval":{"confidence_level":0.95,"lower_bound":16.19413820424223,"upper_bound":31.458936140072183},"point_estimate":24.05871486780364,"standard_error":3.937526430524025}}