{"mean":{"confidence_interval":{"confidence_level":0.95,"lower_bound":5390810.781500003,"upper_bound":5396669.510375001},"point_estimate":5393312.593000002,"standard_error":1519.6786572072797},"median":{"confidence_interval":{"confidence_level":0.95,"lower_bound":5389952.7,"upper_bound":5391152.5},"point_estimate":5390748.65,"standard_error":291.8845074585543},"median_abs_dev":{"confidence_interval":{"confidence_level":0.95,"lower_bound":2345.176638365206,"upper_bound":4199.983335434838},"point_estimate":2980.470727085791,"standard_error":490.80786601708917},"slope":null,"std_dev":{"confidence_interval":{"confidence_level":0.95,"lower_bound":5434.334090532605,"upper_bound":23779.230707644725},"point_estimate":15278.952599409467,"standard_error":5103.860761308747}}