{"mean":{"confidence_interval":{"confidence_level":0.95,"lower_bound":-0.003702661903315599,"upper_bound":0.00014729542703673104},"point_estimate":-0.0018372114995799382,"standard_error":0.0009774409045235914},"median":{"confidence_interval":{"confidence_level":0.95,"lower_bound":-0.004893202637321403,"upper_bound":-0.003664644010748619},"point_estimate":-0.0042592243010346476,"standard_error":0.0002859063119187329}}