{"mean":{"confidence_interval":{"confidence_level":0.95,"lower_bound":0.009609734896176416,"upper_bound":0.02891156037412057},"point_estimate":0.0198836370782165,"standard_error":0.00494414409160707},"median":{"confidence_interval":{"confidence_level":0.95,"lower_bound":0.013113592233835236,"upper_bound":0.0506761871122392},"point_estimate":0.016360408492283707,"standard_error":0.013499939448684177}}