{"mean":{"confidence_interval":{"confidence_level":0.95,"lower_bound":-0.20036141407276856,"upper_bound":-0.1414421023699683},"point_estimate":-0.1718453299085082,"standard_error":0.015043528270130783},"median":{"confidence_interval":{"confidence_level":0.95,"lower_bound":-0.30880047126364596,"upper_bound":-0.007610017240261446},"point_estimate":-0.00924768963819167,"standard_error":0.11139917588493312}}