{"mean":{"confidence_interval":{"confidence_level":0.95,"lower_bound":0.012121847315298353,"upper_bound":0.01830892255266904},"point_estimate":0.015144899307942605,"standard_error":0.001570257005392815},"median":{"confidence_interval":{"confidence_level":0.95,"lower_bound":0.011405435122551655,"upper_bound":0.02770831028063614},"point_estimate":0.019013955574038288,"standard_error":0.005371774063012319}}