{"mean":{"confidence_interval":{"confidence_level":0.95,"lower_bound":-0.021798447680674973,"upper_bound":-0.019256839878181494},"point_estimate":-0.020495087940469392,"standard_error":0.0006477463885796237},"median":{"confidence_interval":{"confidence_level":0.95,"lower_bound":-0.020929494861615498,"upper_bound":-0.018738632288352153},"point_estimate":-0.019674894371929263,"standard_error":0.000544010996861277}}