{"mean":{"confidence_interval":{"confidence_level":0.95,"lower_bound":-0.11594391207267371,"upper_bound":-0.061757727318904075},"point_estimate":-0.08886091189970591,"standard_error":0.013853598386320878},"median":{"confidence_interval":{"confidence_level":0.95,"lower_bound":-0.005637750736388503,"upper_bound":-0.0038176434755857747},"point_estimate":-0.00466724877577962,"standard_error":0.0004527080758449394}}