{"mean":{"confidence_interval":{"confidence_level":0.95,"lower_bound":-0.025850381399708952,"upper_bound":-0.022090349068767848},"point_estimate":-0.02399703147058141,"standard_error":0.0009608365672089174},"median":{"confidence_interval":{"confidence_level":0.95,"lower_bound":-0.025878339485377655,"upper_bound":-0.024408431178160828},"point_estimate":-0.02508603450967062,"standard_error":0.00035364350751945924}}