{"mean":{"confidence_interval":{"confidence_level":0.95,"lower_bound":-0.07924753179347815,"upper_bound":-0.06496158620265752},"point_estimate":-0.07204975419240434,"standard_error":0.0036476799472031315},"median":{"confidence_interval":{"confidence_level":0.95,"lower_bound":-0.0971490801682382,"upper_bound":-0.04932535706252472},"point_estimate":-0.09342813991066412,"standard_error":0.012001219172366904}}